sample_id,target,prediction_stage_1,prediction_stage_2,prediction_stage_3,prediction_stage_4,prediction_stage_5,prediction_stage_6,prediction_stage_7,prediction_stage_8,confidence_stage_1,confidence_stage_2,confidence_stage_3,confidence_stage_4,confidence_stage_5,confidence_stage_6,confidence_stage_7,confidence_stage_8
51,3,1,1,6,1,1,1,1,1,0.14609825611114502,0.13256998360157013,0.1201346144080162,0.11779523640871048,0.11276999115943909,0.11166197061538696,0.10550562292337418,0.10408131033182144
65,4,1,1,1,1,1,1,1,9,0.18031905591487885,0.1600237637758255,0.1379949301481247,0.12816302478313446,0.1141786053776741,0.11025611311197281,0.10487957298755646,0.10434884577989578
158,3,1,1,1,1,1,1,1,1,0.19398008286952972,0.161908358335495,0.13286222517490387,0.12507012486457825,0.11312957853078842,0.11084001511335373,0.10517816990613937,0.10361527651548386
469,5,1,1,1,1,1,1,9,1,0.14622105658054352,0.13926446437835693,0.12245950102806091,0.12061338871717453,0.11198519915342331,0.1123582273721695,0.10614215582609177,0.10471486300230026
827,4,1,1,1,1,1,1,9,9,0.170170858502388,0.1479141265153885,0.13294537365436554,0.12875007092952728,0.11469210684299469,0.11152513325214386,0.10686282813549042,0.10515639185905457
942,6,6,6,6,6,6,9,9,9,0.19771060347557068,0.1696247011423111,0.13977155089378357,0.12010926753282547,0.11071961373090744,0.10472928732633591,0.10472038388252258,0.10430260747671127
1121,0,6,6,6,1,1,1,1,1,0.17151670157909393,0.14913812279701233,0.12724685668945312,0.11832266300916672,0.11126255989074707,0.1110781580209732,0.10583904385566711,0.10460322350263596
1359,7,1,1,1,1,1,1,1,9,0.17604921758174896,0.15605202317237854,0.13751864433288574,0.1274896264076233,0.11548970639705658,0.11213809996843338,0.10615788400173187,0.10421240329742432
1597,9,1,1,1,1,1,1,2,9,0.15799902379512787,0.14033597707748413,0.12664081156253815,0.11916939169168472,0.11286600679159164,0.11138221621513367,0.10670115053653717,0.10466479510068893
1612,3,1,1,1,1,1,1,1,1,0.17840316891670227,0.16027048230171204,0.13632908463478088,0.12991994619369507,0.12015067785978317,0.11924920231103897,0.11002987623214722,0.10725033283233643
1625,4,1,1,1,1,9,9,9,9,0.15927857160568237,0.13997957110404968,0.12590117752552032,0.1187954917550087,0.11025413125753403,0.10752551257610321,0.10580241680145264,0.1047208160161972
2160,6,6,6,6,1,1,1,9,9,0.19336435198783875,0.16470251977443695,0.13666199147701263,0.1196071058511734,0.11085286736488342,0.107977956533432,0.10387153923511505,0.10435600578784943
2462,2,6,6,6,2,2,2,2,9,0.15609125792980194,0.13636785745620728,0.12070097774267197,0.11023098230361938,0.10895637422800064,0.10568362474441528,0.10512948781251907,0.1042257696390152
2563,7,1,1,1,1,1,1,1,1,0.16416005790233612,0.15027031302452087,0.13278089463710785,0.12455406785011292,0.11525903642177582,0.11330921947956085,0.10651841014623642,0.10448138415813446
2641,0,1,1,1,1,1,1,9,9,0.15556451678276062,0.13578736782073975,0.1211385652422905,0.11470495164394379,0.10799991339445114,0.10556278377771378,0.10485856235027313,0.10436015576124191
2647,3,1,1,1,1,1,1,1,1,0.22067227959632874,0.1931096762418747,0.1533144861459732,0.14012031257152557,0.12100306153297424,0.11557862907648087,0.10734971612691879,0.1043907031416893
2830,6,6,6,6,1,9,9,9,9,0.1499953269958496,0.13489821553230286,0.12062222510576248,0.11360110342502594,0.10972312837839127,0.1070200577378273,0.10513953864574432,0.10468626767396927
2855,5,1,1,1,1,1,1,1,1,0.2110222727060318,0.18840816617012024,0.15621960163116455,0.14870205521583557,0.12896831333637238,0.12469353526830673,0.11444372683763504,0.10918298363685608
3019,1,1,1,1,1,1,1,1,1,0.22819259762763977,0.19855952262878418,0.16869719326496124,0.15568093955516815,0.13152271509170532,0.1242041066288948,0.113693468272686,0.1086801066994667
3123,4,1,1,1,1,1,1,9,9,0.1783006191253662,0.1553005576133728,0.13591189682483673,0.12744958698749542,0.11373160779476166,0.11174927651882172,0.10611703991889954,0.10531589388847351
3195,2,1,1,1,1,1,1,1,1,0.233590766787529,0.18851761519908905,0.15241485834121704,0.14058633148670197,0.12308892607688904,0.11685525625944138,0.10814344882965088,0.10555028170347214
3228,4,1,1,1,1,2,1,2,9,0.15858475863933563,0.1383461356163025,0.12014978379011154,0.11683858931064606,0.11207284778356552,0.1092013493180275,0.10614116489887238,0.10438605397939682
3447,6,6,6,2,1,2,9,9,4,0.14097563922405243,0.13547663390636444,0.1186911091208458,0.11378666758537292,0.10881417244672775,0.10654890537261963,0.10498053580522537,0.10471199452877045
3479,0,1,1,1,1,2,9,9,4,0.12447388470172882,0.1174817830324173,0.11205289512872696,0.11109907925128937,0.10641618072986603,0.10651447623968124,0.10510072857141495,0.1044626384973526
3660,0,6,6,6,1,2,9,9,4,0.1366727501153946,0.12756282091140747,0.11255339533090591,0.10659287869930267,0.10371900349855423,0.10379058867692947,0.10425137728452682,0.10461137443780899
4185,1,1,1,1,1,1,1,1,1,0.23518674075603485,0.1975221335887909,0.164536252617836,0.15385295450687408,0.1325904130935669,0.12528720498085022,0.11359623074531555,0.10866383463144302
4277,3,1,1,1,1,1,1,1,1,0.17913836240768433,0.15866073966026306,0.136448472738266,0.13016636669635773,0.11847047507762909,0.11537167429924011,0.10836520791053772,0.10591685026884079
4930,1,1,1,1,1,1,1,1,1,0.21891044080257416,0.18545974791049957,0.15598838031291962,0.14153599739074707,0.12320531159639359,0.11498827487230301,0.10763512551784515,0.10455182939767838
5157,2,1,1,1,1,1,1,1,1,0.21372461318969727,0.19372829794883728,0.15604948997497559,0.14850902557373047,0.1256450116634369,0.12025738507509232,0.11100200563669205,0.10732271522283554
5189,2,1,1,1,1,1,1,1,9,0.19854944944381714,0.15984022617340088,0.1374632865190506,0.1278659552335739,0.11663081496953964,0.11207615584135056,0.10616759955883026,0.10456181317567825
5212,3,1,1,1,1,1,1,2,1,0.18863609433174133,0.16689573228359222,0.13689373433589935,0.12839573621749878,0.11642567813396454,0.1131882444024086,0.10766996443271637,0.10464943200349808
5214,3,1,1,1,1,1,1,2,1,0.1929389238357544,0.17013947665691376,0.13893280923366547,0.13242164254188538,0.11849828064441681,0.11716438084840775,0.11011473089456558,0.10805138200521469
5588,1,1,1,1,1,1,1,1,1,0.224250927567482,0.19671311974525452,0.1610182374715805,0.14852289855480194,0.1291445642709732,0.12385764718055725,0.11285065114498138,0.10776733607053757
5708,3,1,1,1,1,1,1,1,1,0.19098062813282013,0.17381185293197632,0.1420317143201828,0.13563673198223114,0.12103702127933502,0.12058750540018082,0.11079449206590652,0.10921390354633331
5745,7,1,1,1,1,1,1,1,1,0.21987061202526093,0.18873293697834015,0.15825007855892181,0.14564944803714752,0.12968116998672485,0.12387602776288986,0.11336248368024826,0.10906993597745895
5810,6,6,6,6,6,6,1,6,1,0.1892298012971878,0.16792964935302734,0.14299704134464264,0.12324415147304535,0.11447623372077942,0.10918289422988892,0.10609326511621475,0.10382843017578125
6038,6,1,1,1,1,1,1,9,4,0.17010900378227234,0.1462114006280899,0.12899573147296906,0.12018229812383652,0.11014819145202637,0.10664096474647522,0.1044241264462471,0.1044435203075409
6236,5,1,1,1,1,1,1,9,9,0.1589638888835907,0.1435113251209259,0.12407360970973969,0.11687017232179642,0.1076795682311058,0.10548043996095657,0.10436709225177765,0.10434697568416595
6321,2,1,1,1,1,2,1,2,1,0.1751609742641449,0.15655232965946198,0.1352917104959488,0.12827461957931519,0.11885133385658264,0.1139342412352562,0.10882698744535446,0.10561194270849228
6430,1,1,1,1,1,1,1,1,1,0.2722003161907196,0.2314038723707199,0.1850804090499878,0.1703725904226303,0.1426175832748413,0.13575319945812225,0.1198335587978363,0.11361228674650192
6481,3,1,1,1,1,1,1,2,1,0.16908052563667297,0.1500304639339447,0.12799711525440216,0.12209557741880417,0.11368996649980545,0.11228705942630768,0.1072646751999855,0.1050562709569931
6819,1,1,1,1,1,1,1,1,1,0.22671803832054138,0.19954411685466766,0.16292454302310944,0.1473870724439621,0.12670160830020905,0.12069803476333618,0.11097674816846848,0.1065334752202034
7112,0,6,6,6,6,2,2,2,9,0.15356041491031647,0.14162446558475494,0.12611618638038635,0.11352883279323578,0.10749556124210358,0.1057320162653923,0.10505945235490799,0.10362201184034348
7146,8,1,1,1,1,1,1,1,1,0.18610116839408875,0.15993918478488922,0.13715332746505737,0.13278603553771973,0.11883959174156189,0.11551061272621155,0.10808894038200378,0.1053784042596817
7211,3,1,1,1,1,1,1,1,9,0.16754116117954254,0.15269684791564941,0.13198043406009674,0.1244264766573906,0.11312712728977203,0.11061207950115204,0.10524336993694305,0.10451813787221909
7728,1,1,1,1,1,1,1,1,1,0.2666160762310028,0.22948169708251953,0.18091745674610138,0.1657109409570694,0.14079679548740387,0.13380752503871918,0.11866331845521927,0.1140020340681076
7744,7,7,7,7,1,1,1,9,9,0.15032710134983063,0.13374602794647217,0.12438389658927917,0.11638728529214859,0.11065450310707092,0.10979695618152618,0.10488864779472351,0.10396821796894073
7777,5,6,6,6,1,2,2,6,1,0.15352417528629303,0.13261468708515167,0.11864607781171799,0.11322445422410965,0.10836504399776459,0.10745379328727722,0.10544365644454956,0.10304249823093414
7974,5,1,1,1,1,1,1,9,9,0.17514048516750336,0.15381461381912231,0.13024969398975372,0.12146738916635513,0.11042501032352448,0.10765127837657928,0.10477443784475327,0.10462415963411331
8182,9,6,6,1,1,1,1,1,9,0.15337920188903809,0.1360824704170227,0.12679268419742584,0.12416992336511612,0.11470858007669449,0.11103745549917221,0.10625647753477097,0.10456455498933792
8299,5,1,1,1,1,1,1,9,9,0.17870013415813446,0.16069580614566803,0.14116378128528595,0.13378781080245972,0.1182086244225502,0.11443669348955154,0.10641562938690186,0.10557547211647034
8301,8,1,1,1,1,1,1,1,1,0.20247171819210052,0.17034943401813507,0.14143885672092438,0.13474643230438232,0.11887563019990921,0.11649855226278305,0.10834509879350662,0.10589805990457535
8802,4,1,1,1,1,1,1,9,4,0.1470184624195099,0.13470600545406342,0.1224689856171608,0.11849141120910645,0.1111849695444107,0.10729894042015076,0.10466078668832779,0.10437086969614029
8828,6,6,6,6,6,6,6,6,6,0.19566838443279266,0.16975869238376617,0.14523319900035858,0.1262013465166092,0.11746545881032944,0.1122320294380188,0.1106870174407959,0.10493553429841995
8930,1,1,1,1,1,1,1,1,1,0.2289818972349167,0.19155645370483398,0.15853439271450043,0.15033037960529327,0.1281851977109909,0.12304884940385818,0.11192766577005386,0.10786876827478409
8979,1,1,1,1,1,1,1,1,1,0.2236245572566986,0.18834947049617767,0.1540030986070633,0.14599046111106873,0.12730416655540466,0.1227375939488411,0.11170444637537003,0.10795317590236664
9077,7,7,7,7,7,7,1,9,9,0.16558630764484406,0.14314009249210358,0.13362526893615723,0.12107443064451218,0.10964254289865494,0.10840108245611191,0.10517488420009613,0.10475706309080124
9101,7,7,1,7,1,1,1,9,9,0.15959200263023376,0.1380363255739212,0.12602320313453674,0.11742263287305832,0.10934604704380035,0.10732917487621307,0.10529224574565887,0.10438380390405655
9112,1,1,1,1,1,1,1,1,1,0.21016451716423035,0.18130815029144287,0.15063218772411346,0.13892993330955505,0.12196752429008484,0.11746735870838165,0.10895442962646484,0.1060398519039154
9190,1,1,1,1,1,1,1,1,1,0.24991878867149353,0.2078576534986496,0.1693774312734604,0.16185122728347778,0.136601060628891,0.13219714164733887,0.11776275932788849,0.11219217628240585
9266,2,1,1,1,1,1,1,1,1,0.19127610325813293,0.1673368364572525,0.1445527821779251,0.13419467210769653,0.1198868677020073,0.1153237372636795,0.10730387270450592,0.10491520166397095
9527,0,6,6,6,6,0,0,9,9,0.15603649616241455,0.13560070097446442,0.11920611560344696,0.11038800328969955,0.10578136891126633,0.10425151139497757,0.10416249930858612,0.10392095148563385
9563,8,1,1,1,1,1,1,1,9,0.1808442324399948,0.15782789885997772,0.1366967111825943,0.13410593569278717,0.11746302992105484,0.11397665739059448,0.10672730952501297,0.10485024005174637
9783,4,1,1,1,1,1,1,1,1,0.19705383479595184,0.18530170619487762,0.14913269877433777,0.14257466793060303,0.12369545549154282,0.11895903944969177,0.10884112119674683,0.10542380809783936
